<?xml version="1.0" encoding="ISO-8859-1" standalone="no"?><!DOCTYPE metadata SYSTEM "http://www.fgdc.gov/metadata/fgdc-std-001-1998.dtd">
<metadata>
  <idinfo>
    <citation>
      <citeinfo>
        <origin>Gegevensautoriteit Natuur</origin>
        <pubdate>2022-12-22</pubdate>
        <pubtime>08:20:27</pubtime>
        <title>v_export</title>
        <geoform>vector digital data</geoform>
        <onlink>http://www.ndff-ecogrid.nl</onlink>
      </citeinfo>
    </citation>
    <descript>
      <abstract>Gegevens uit de Nationale Databank Flora en Fauna. Copyright 2022: Het Natuurloket

zoid: 1816198
gebruikersnaam: nancymeijer
organisatie: schielandkrimpenerwaard
soort naam: Watercrassula
</abstract>
      <purpose>De Nationale Databank Flora en Fauna (NDFF) is de meest omvangrijke landelijke
                informatiebron van verspreidingsgegevens en bevat betrouwbare waarnemingen van
                planten en dieren in een bepaald gebied. Het systeem is in opbouw, nieuwe gegevens
                worden met regelmaat toegevoegd. Alle gegevens in de NDFF zijn door de
                Gegevensautoriteit Natuur gevalideerd. Nader (veld-)onderzoek kan noodzakelijk zijn
                om aanwezigheid van een soort te bevestigen of uit te sluiten.</purpose>
      <supplinf>kwaliteitsborging: Gegevensautoriteit Natuur</supplinf>
    </descript>
    <timeperd>
      <timeinfo>
        <rngdates>
          <begdate>2016-12-31</begdate>
          <begtime>23:00:00</begtime>
          <enddate>2022-12-31</enddate>
          <endtime>23:00:00</endtime>
        </rngdates>
      </timeinfo>
      <current/>
    </timeperd>
    <status>
      <progress>Complete</progress>
      <update>Unknown</update>
    </status>
    <spdom>
      <bounding>
        <westbc>5.778001</westbc>
        <eastbc>5.782275</eastbc>
        <northbc>50.832233</northbc>
        <southbc>50.830420</southbc>
      </bounding>
    </spdom>
    <keywords>
      <theme>
        <themekt/>
        <themekey>.</themekey>
      </theme>
    </keywords>
    <accconst>copyright 2022: Het Natuurloket</accconst>
    <useconst>copyright 2022: Het Natuurloket</useconst>
    <ptcontac>
      <cntinfo>
        <cntorgp>
          <cntorg>Gegevensautoriteit Natuur</cntorg>
        </cntorgp>
        <cntaddr>
          <addrtype/>
          <city/>
          <state/>
          <postal/>
        </cntaddr>
        <cntvoice/>
      </cntinfo>
    </ptcontac>
    <native>NDFF EcoGRID Uitvoerportaal v. 4.0.2</native>
  </idinfo>
  <spdoinfo>
    <direct>Vector</direct>
    <ptvctinf>
      <sdtsterm>
        <sdtstype>G-polygon</sdtstype>
        <ptvctcnt>26</ptvctcnt>
      </sdtsterm>
    </ptvctinf>
  </spdoinfo>
  <spref>
    <horizsys>
      <planar>
        <mapproj>
          <mapprojn>Double Stereographic</mapprojn>
          <stereo>
            <longpc/>
            <latprjc/>
            <feast/>
            <fnorth/>
          </stereo>
        </mapproj>
        <planci>
          <plance>coordinate pair</plance>
          <coordrep>
            <absres>0.000000</absres>
            <ordres>0.000000</ordres>
          </coordrep>
          <plandu>meters</plandu>
        </planci>
      </planar>
      <geodetic>
        <horizdn>D_Amersfoort</horizdn>
        <ellips>Bessel_1841</ellips>
        <semiaxis>6377397.155000</semiaxis>
        <denflat>299.152813</denflat>
      </geodetic>
    </horizsys>
  </spref>
  <eainfo>
    <detailed>
      <enttyp>
        <enttypl>v_wfsexport</enttypl>
        <enttypd>Een tabel met waarnemingen die geexporteerd zijn uit de Nationale Databank Flora en Fauna</enttypd>
        <enttypds>NDFF</enttypds>
      </enttyp>
      <attr>
        <attrlabl>vwe_id</attrlabl>
        <attrdef>Interne identificatie</attrdef>
        <attrdefs>NDFF</attrdefs>
        <attrdomv>
          <udom>Nummer dat automatisch is gegenereerd</udom>
        </attrdomv>
      </attr>
      <attr>
        <attrlabl>the_geom</attrlabl>
        <attrdef>De geometrie</attrdef>
        <attrdefs>NDFF</attrdefs>
        <attrdomv>
          <udom>Geometrie in rijksdriehoek coordinaten</udom>
        </attrdomv>
      </attr>
      <attr>
        <attrlabl>obs_uri</attrlabl>
        <attrdef>Uniek kenmerk van de waarneming</attrdef>
        <attrdefs>NDFF</attrdefs>
        <attrdomv>
          <udom>URI</udom>
        </attrdomv>
      </attr>
      <attr>
        <attrlabl>soort_ned</attrlabl>
        <attrdef>Soortnaam in de Nederlandse taal</attrdef>
        <attrdefs>NDFF</attrdefs>
        <attrdomv>
          <udom>Nederlandse soortnaam (nominaal)</udom>
        </attrdomv>
      </attr>
      <attr>
        <attrlabl>soort_wet</attrlabl>
        <attrdef>Wetenschappelijke Soortnaam</attrdef>
        <attrdefs>NDFF</attrdefs>
        <attrdomv>
          <udom>Wetenschappelijke Soortnaam (Nominaal)</udom>
        </attrdomv>
      </attr>
      <attr>
        <attrlabl>telondrwrp</attrlabl>
        <attrdef>Het waargenomen onderwerp</attrdef>
        <attrdefs>NDFF</attrdefs>
        <attrdomv>
          <udom>Bijv. levend exemplaar, territorium, pootafdrukken, vervellingshuid (Nominaal)</udom>
        </attrdomv>
      </attr>
      <attr>
        <attrlabl>telmethode</attrlabl>
        <attrdef>De bij de waarneming gebruikte telmethode of abundantieschaal</attrdef>
        <attrdefs>NDFF</attrdefs>
        <attrdomv>
          <udom>Bijv. exact aantal, geschat aantal, voorkomen(aanwezig/afwezig), Tansley (Nominaal)</udom>
        </attrdomv>
      </attr>
      <attr>
        <attrlabl>orig_aant</attrlabl>
        <attrdef>De oorspronkelijk geleverde waarde voor de abundantie of waargenomen hoveelheid, niet geuniformeerd</attrdef>
        <attrdefs>NDFF</attrdefs>
        <attrdomv>
          <udom>Bijv. 'ongeveer 100', '2b', 'A' (vrije tekst)</udom>
        </attrdomv>
      </attr>
      <attr>
        <attrlabl>aantal_min</attrlabl>
        <attrdef>Het minimaal waargenomen aantal; ondergrens onzekerheidsinterval</attrdef>
        <attrdefs>NDFF</attrdefs>
        <attrdomv>
          <udom>Positieve aantallen; 0 en decimalen mogelijk</udom>
        </attrdomv>
      </attr>
      <attr>
        <attrlabl>aantal_max</attrlabl>
        <attrdef>Het maximaal waargenomen aantal; bovengrens onzekerheidsinterval; optioneel</attrdef>
        <attrdefs>NDFF</attrdefs>
        <attrdomv>
          <udom>Positieve aantallen; leeg, 0 en decimalen mogelijk</udom>
        </attrdomv>
      </attr>
      <attr>
        <attrlabl>eenheid</attrlabl>
        <attrdef>De eenheid van aantal_min en aantal_max (Nominaal)</attrdef>
        <attrdefs>NDFF</attrdefs>
        <attrdomv>
          <udom>"natuurkundige" eenheid; Bijv. m2, % (Nominaal)</udom>
        </attrdomv>
      </attr>
      <attr>
        <attrlabl>centrumx</attrlabl>
        <attrdef>X-coordinaat van het middelpunt van de geometrie</attrdef>
        <attrdefs>NDFF</attrdefs>
        <attrdomv>
          <udom>ordinaat in het rijksdriehoek stelsel</udom>
        </attrdomv>
      </attr>
      <attr>
        <attrlabl>centrumy</attrlabl>
        <attrdef>Y-coordinaat van middelpunt van de geometrie</attrdef>
        <attrdefs>NDFF</attrdefs>
        <attrdomv>
          <udom>ordinaat in het rijksdriehoek stelsel</udom>
        </attrdomv>
      </attr>
      <attr>
        <attrlabl>area_m2</attrlabl>
        <attrdef>Het oppervlak van het gebied</attrdef>
        <attrdefs>NDFF</attrdefs>
        <attrdomv>
          <udom>Nummerieke waarde in vierkante meters</udom>
        </attrdomv>
      </attr>
      <attr>
        <attrlabl>loc_type</attrlabl>
        <attrdef>Type geometrie van de waarnemingslocatie</attrdef>
        <attrdefs>NDFF</attrdefs>
        <attrdomv>
          <udom>Bijv. punt, lijn, vlak, hok, route</udom>
        </attrdomv>
      </attr>
      <attr>
        <attrlabl>vervaagd</attrlabl>
        <attrdef>De geometrie is al of niet minder precies weergegeven dan bekend is in de NDFF, om kwetsbare soorten te beschermen</attrdef>
        <attrdefs>NDFF</attrdefs>
        <attrdomv>
          <udom>"vervaagd" of "onvervaagd"</udom>
        </attrdomv>
      </attr>
      <attr>
        <attrlabl>datm_start</attrlabl>
        <attrdef>Begin van het tijdsinterval van de waarneming</attrdef>
        <attrdefs>NDFF</attrdefs>
        <attrdomv>
          <udom>timestamp</udom>
        </attrdomv>
      </attr>
      <attr>
        <attrlabl>datm_stop</attrlabl>
        <attrdef>Einde van het tijdsinterval van de waarneming</attrdef>
        <attrdefs>NDFF</attrdefs>
        <attrdomv>
          <udom>timestamp</udom>
        </attrdomv>
      </attr>
      <attr>
        <attrlabl>datm_dkking</attrlabl>
        <attrdef>Welk deel van het aangegeven tijdsinterval betreft de duur van het bezoek, de inventarisatie of het onderzoek? Het overige deel betreft een onzekerheidsinterval</attrdef>
        <attrdefs>NDFF</attrdefs>
        <attrdomv>
          <udom>Percentage, meestal 100% of 0%</udom>
        </attrdomv>
      </attr>
      <attr>
        <attrlabl>stadium</attrlabl>
        <attrdef>Het levensstadium waarin het organisme zich bevindt, zich bevond toen het doodging, of waarvan een spoor is gevonden</attrdef>
        <attrdefs>NDFF</attrdefs>
        <attrdomv>
          <udom>Bijv. adult, nimf, ei, eclipskleed (Nominaal)</udom>
        </attrdomv>
      </attr>
      <attr>
        <attrlabl>geslacht</attrlabl>
        <attrdef>Het geslacht van de waargenomen organismen</attrdef>
        <attrdefs>NDFF</attrdefs>
        <attrdomv>
          <udom>Bijv. man, koningin, gynandromorph (Nominaal)</udom>
        </attrdomv>
      </attr>
      <attr>
        <attrlabl>gedrag</attrlabl>
        <attrdef>Het gedrag dat door het waargenomen organisme vertoond wordt</attrdef>
        <attrdefs>NDFF</attrdefs>
        <attrdomv>
          <udom>Bijv. paaiend, in winterslaap, overvliegend (Nominaal)</udom>
        </attrdomv>
      </attr>
      <attr>
        <attrlabl>biotoop</attrlabl>
        <attrdef>De biologische omgeving waarin de organismen zich bevonden</attrdef>
        <attrdefs>NDFF</attrdefs>
        <attrdomv>
          <udom>Bijv. "213 - Natte duinvalleien", "3.5 jeneverbesstruweel", "Mw muren en wallenkanten" (Nominaal)</udom>
        </attrdomv>
      </attr>
      <attr>
        <attrlabl>doodsoorzk</attrlabl>
        <attrdef>Doodsoorzaak (indien dood aangetroffen)</attrdef>
        <attrdefs>NDFF</attrdefs>
        <attrdomv>
          <udom>Bijv. "niet van toepassing", windmolenslachtoffer, "prooi: zie opmerking" (Nominaal)</udom>
        </attrdomv>
      </attr>
      <attr>
        <attrlabl>verblfplts</attrlabl>
        <attrdef>De verblijfplaats van de aangetroffen organismen</attrdef>
        <attrdefs>NDFF</attrdefs>
        <attrdomv>
          <udom>Bijv. vleermuiskast, burcht, kerktoren (Nominaal)</udom>
        </attrdomv>
      </attr>
      <attr>
        <attrlabl>substraat</attrlabl>
        <attrdef>Het substraat waarop het organisme is aangetroffen</attrdef>
        <attrdefs>NDFF</attrdefs>
        <attrdomv>
          <udom>Bijv. "stronken (dikker dan Â± 15 cm)", "Basalt" (Nominaal)</udom>
        </attrdomv>
      </attr>
      <attr>
        <attrlabl>syntaxon</attrlabl>
        <attrdef>plantengemeenschap</attrdef>
        <attrdefs>NDFF</attrdefs>
        <attrdomv>
          <udom>Bijv. "Rompgemeenschap van Fioringras", "Associatie van Langarige zeekraal" (Nominaal)</udom>
        </attrdomv>
      </attr>
      <attr>
        <attrlabl>opp_dkkng</attrlabl>
        <attrdef>Welk deel van het aangegeven gebied betreft de locatie van het bezoek, de inventarisatie of het onderzoek? Het overige deel betreft een onzekerheidsinterval</attrdef>
        <attrdefs>NDFF</attrdefs>
        <attrdomv>
          <udom>Percentage, meestal 100% of 0%</udom>
        </attrdomv>
      </attr>
      <attr>
        <attrlabl>protocol</attrlabl>
        <attrdef>Gevolgde methode(n) om soorten te inventariseren</attrdef>
        <attrdefs>NDFF</attrdefs>
        <attrdomv>
          <udom>Bijv. "104.002 RWS-Droog biotoopkartering", "14.008 Protocol Kievitseieren rapen en registreren 2011" (Nominaal)</udom>
        </attrdomv>
      </attr>
      <attr>
        <attrlabl>detmethode</attrlabl>
        <attrdef>De methode die gebruikt is voor het waarnemen en determineren</attrdef>
        <attrdefs>NDFF</attrdefs>
        <attrdomv>
          <udom>Bijv. gehoord, DNA-barcoding, opgekweekt (Nominaal)</udom>
        </attrdomv>
      </attr>
      <attr>
        <attrlabl>databehdr</attrlabl>
        <attrdef>De beheerder van de brondata, in opdracht van de bronhouder</attrdef>
        <attrdefs>NDFF</attrdefs>
        <attrdomv>
          <udom>Naam van een organisatie</udom>
        </attrdomv>
      </attr>
      <attr>
        <attrlabl>dataeigenr</attrlabl>
        <attrdef>De bronhouder of eigenaar; verantwoordelijk voor het inwinnen, actueel houden, opslaan en ter beschikking stellen van de juiste gegevens in de NDFF</attrdef>
        <attrdefs>NDFF</attrdefs>
        <attrdomv>
          <udom>Naam van een oprganisatie</udom>
        </attrdomv>
      </attr>
      <attr>
        <attrlabl>kwliteit</attrlabl>
        <attrdef>De kwaliteit van de waarneming</attrdef>
        <attrdefs>NDFF</attrdefs>
        <attrdomv>
          <udom>"betrouwbaar", "onzeker", "onbekend" (Nominaal)</udom>
        </attrdomv>
      </attr>
      <attr>
        <attrlabl>srtgroepen</attrlabl>
        <attrdef>Soortgroep waartoe het waargenomen taxon behoort</attrdef>
        <attrdefs>NDFF</attrdefs>
        <attrdomv>
          <udom>Bijv. reptielen, korstmossen (Nominaal)</udom>
        </attrdomv>
      </attr>
      <attr>
        <attrlabl>wnb_vrl</attrlabl>
        <attrdef>Beschermingsstatus volgens Wet natuurbescherming - Beschermingsregime soorten Vogelrichtlijn</attrdef>
        <attrdefs>NDFF</attrdefs>
        <attrdomv>
          <udom>Bijv. "Wet natuurbescherming - Beschermingsregime soorten Vogelrichtlijn (met nest- of rustplaatsindicatie)" (Nominaal)</udom>
        </attrdomv>
      </attr>
      <attr>
        <attrlabl>wnb_hrl</attrlabl>
        <attrdef>Beschermingsstatus volgens Wet natuurbescherming - Beschermingsregime soorten Habitatrichtlijn</attrdef>
        <attrdefs>NDFF</attrdefs>
        <attrdomv>
          <udom>Bijv. "Beschermingsregime soorten Habitatrichtlijn" (Nominaal)</udom>
        </attrdomv>
      </attr>
      <attr>
        <attrlabl>wnb_andere</attrlabl>
        <attrdef>Beschermingsstatus volgens Wet natuurbescherming - Beschermingsregime andere soorten</attrdef>
        <attrdefs>NDFF</attrdefs>
        <attrdomv>
          <udom>Bijv. "Wnb - andere soorten (GR)" (Nominaal)</udom>
        </attrdomv>
      </attr>
      <attr>
        <attrlabl>ffwet1</attrlabl>
        <attrdef>Beschermingsstatus volgens Flora- en faunawet tabel I</attrdef>
        <attrdefs>NDFF</attrdefs>
        <attrdomv>
          <udom>Bijv. "Flora- en faunawet tabel I (vrijstelling in of bij gebouwen)" (Nominaal)</udom>
        </attrdomv>
      </attr>
      <attr>
        <attrlabl>ffwet2</attrlabl>
        <attrdef>Beschermingsstatus volgens Flora- en faunawet tabel II</attrdef>
        <attrdefs>NDFF</attrdefs>
        <attrdomv>
          <udom>Bijv. "Flora- en faunawet tabel II (gedragscode of ontheffing met lichte toets)" (Nominaal)</udom>
        </attrdomv>
      </attr>
      <attr>
        <attrlabl>ffwet3</attrlabl>
        <attrdef>Beschermingsstatus volgens Flora- en faunawet tabel III</attrdef>
        <attrdefs>NDFF</attrdefs>
        <attrdomv>
          <udom>Bijv. "Flora- en faunawet tabel III (beperkte vrijstelling met gedragscode of ontheffing met uitgebreide toets)" (Nominaal)</udom>
        </attrdomv>
      </attr>
      <attr>
        <attrlabl>rodelijst</attrlabl>
        <attrdef>Evt status van waargenomen soort op de Rode Lijst</attrdef>
        <attrdefs>NDFF</attrdefs>
        <attrdomv>
          <udom>Bijv. "Rode Lijst: Kwetsbaar", "Rode Lijst: Gevoelig" (Nominaal)</udom>
        </attrdomv>
      </attr>
      <attr>
        <attrlabl>zoid</attrlabl>
        <attrdef>Uniek nummer van de zoekopdracht</attrdef>
        <attrdefs>NDFF</attrdefs>
        <attrdomv>
          <udom>Een integer</udom>
        </attrdomv>
      </attr>
      <attr>
        <attrlabl>sessionid</attrlabl>
        <attrdef>De identificatie van de sessie</attrdef>
        <attrdefs>NDFF</attrdefs>
        <attrdomv>
          <udom>Een hexadecimale string met streepjes als scheidingsteken</udom>
        </attrdomv>
      </attr>
    </detailed>
  </eainfo>
  <distinfo>
    <distrib>
      <cntinfo>
        <cntorgp>
          <cntorg>NDFF</cntorg>
        </cntorgp>
        <cntaddr>
          <addrtype/>
          <city/>
          <state/>
          <postal/>
        </cntaddr>
        <cntvoice/>
      </cntinfo>
    </distrib>
    <distliab/>
  </distinfo>
  <metainfo>
    <metd>20100727</metd>
    <metc>
      <cntinfo>
        <cntorgp>
          <cntorg>Het Natuurloket</cntorg>
        </cntorgp>
        <cntaddr>
          <addrtype>REQUIRED: The mailing and/or physical address for the organization or
                        individual.</addrtype>
          <city>REQUIRED: The city of the address.</city>
          <state>REQUIRED: The state or province of the address.</state>
          <postal>REQUIRED: The ZIP or other postal code of the address.</postal>
        </cntaddr>
        <cntvoice>0800-2356333</cntvoice>
      </cntinfo>
    </metc>
    <metstdn>FGDC Content Standards for Digital Geospatial Metadata</metstdn>
    <metstdv>FGDC-STD-001-1998</metstdv>
    <mettc>local time</mettc>
    <metextns>
      <onlink>http://www.esri.com/metadata/esriprof80.html</onlink>
      <metprof>ESRI Metadata Profile</metprof>
    </metextns>
  </metainfo>
</metadata>