<?xml version="1.0"?>
<metadata xml:lang="nl"><Esri><CreaDate>20221222</CreaDate><CreaTime>13255500</CreaTime><ArcGISFormat>1.0</ArcGISFormat><ArcGISstyle>GeoSticker</ArcGISstyle><SyncOnce>FALSE</SyncOnce><DataProperties><itemProps><itemName Sync="TRUE">NDFF_exoten_2022</itemName><imsContentType Sync="TRUE">002</imsContentType><itemSize Sync="TRUE">0.000</itemSize><itemLocation><linkage Sync="TRUE">file://\\hhsk.local\DFS\Project\Exoten\3. GIS_NDFF\NDFF_exoten_2022.shp</linkage><protocol Sync="TRUE">Local Area Network</protocol></itemLocation></itemProps><coordRef><type Sync="TRUE">Projected</type><geogcsn Sync="TRUE">GCS_Amersfoort</geogcsn><csUnits Sync="TRUE">Linear Unit: m (1.000000)</csUnits><projcsn Sync="TRUE">Amersfoort / RD New</projcsn><peXml Sync="TRUE">&lt;ProjectedCoordinateSystem xsi:type='typens:ProjectedCoordinateSystem' xmlns:xsi='http://www.w3.org/2001/XMLSchema-instance' xmlns:xs='http://www.w3.org/2001/XMLSchema' xmlns:typens='http://www.esri.com/schemas/ArcGIS/10.6'&gt;&lt;WKT&gt;PROJCS[&amp;quot;Amersfoort / RD New&amp;quot;,GEOGCS[&amp;quot;Amersfoort&amp;quot;,DATUM[&amp;quot;Amersfoort&amp;quot;,SPHEROID[&amp;quot;Bessel 1841&amp;quot;,6377397.155,299.1528128]],PRIMEM[&amp;quot;Greenwich&amp;quot;,0.0],UNIT[&amp;quot;degree&amp;quot;,0.0174532925199433]],PROJECTION[&amp;quot;Oblique Stereographic&amp;quot;],PARAMETER[&amp;quot;false_easting&amp;quot;,155000.0],PARAMETER[&amp;quot;false_northing&amp;quot;,463000.0],PARAMETER[&amp;quot;central_meridian&amp;quot;,5.387638888888891],PARAMETER[&amp;quot;scale_factor&amp;quot;,0.9999079],PARAMETER[&amp;quot;latitude_of_origin&amp;quot;,52.15616055555556],UNIT[&amp;quot;m&amp;quot;,1.0]]&lt;/WKT&gt;&lt;XOrigin&gt;-30515500&lt;/XOrigin&gt;&lt;YOrigin&gt;-30279500&lt;/YOrigin&gt;&lt;XYScale&gt;146716411.36275291&lt;/XYScale&gt;&lt;ZOrigin&gt;-100000&lt;/ZOrigin&gt;&lt;ZScale&gt;10000&lt;/ZScale&gt;&lt;MOrigin&gt;-100000&lt;/MOrigin&gt;&lt;MScale&gt;10000&lt;/MScale&gt;&lt;XYTolerance&gt;0.001&lt;/XYTolerance&gt;&lt;ZTolerance&gt;0.001&lt;/ZTolerance&gt;&lt;MTolerance&gt;0.001&lt;/MTolerance&gt;&lt;HighPrecision&gt;true&lt;/HighPrecision&gt;&lt;/ProjectedCoordinateSystem&gt;</peXml></coordRef><lineage><Process ToolSource="c:\program files (x86)\arcgis\desktop10.6\ArcToolbox\Toolboxes\Analysis Tools.tbx\Clip" Date="20221222" Time="132557">Clip NDFF-export_22-12-2022_08-35-00 "HHSK Waterschapsgrens" "P:\Exoten\3. GIS_NDFF\NDFF_exoten_2022.shp" #</Process></lineage></DataProperties><SyncDate>20221222</SyncDate><SyncTime>13255500</SyncTime><ModDate>20221222</ModDate><ModTime>13255500</ModTime></Esri><MD_Metadata xmlns:xlink="http://www.w3.org/1999/xlink" xmlns:xsi="http://www.w3.org/2001/XMLSchema-instance" xmlns:gml="http://www.opengis.net/gml" xmlns:gco="http://www.isotc211.org/2005/gco" xsi:schemaLocation="http://www.isotc211.org/2005/gmd http://schemas.opengis.net/iso/19139/20060504/gmd/gmd.xsd" xmlns="http://www.isotc211.org/2005/gmd"><fileIdentifier><gco:CharacterString>844661de-1111-4478-8bc1-04f495cd5d72</gco:CharacterString></fileIdentifier><contact/><dateStamp><gco:Date>2022-12-22</gco:Date></dateStamp><metadataStandardName><gco:CharacterString>ISO 19115:2003</gco:CharacterString></metadataStandardName><metadataStandardVersion><gco:CharacterString>Nederlandse metadata standaard voor geografie 1.0</gco:CharacterString></metadataStandardVersion><referenceSystemInfo><MD_ReferenceSystem><referenceSystemIdentifier><RS_Identifier><code><gco:CharacterString>0</gco:CharacterString></code><codeSpace><gco:CharacterString>EPSG</gco:CharacterString></codeSpace></RS_Identifier></referenceSystemIdentifier></MD_ReferenceSystem></referenceSystemInfo><identificationInfo><MD_DataIdentification><citation><CI_Citation><title><gco:CharacterString>NDFF_exoten_2022</gco:CharacterString></title><date/></CI_Citation></citation><abstract/><spatialRepresentationType><MD_SpatialRepresentationTypeCode codeList="./resources/codeList.xml#MD_SpatialRepresentationTypeCode" codeListValue="vector"/></spatialRepresentationType><language/></MD_DataIdentification></identificationInfo><distributionInfo><MD_Distribution><distributionFormat><MD_Format><name><gco:CharacterString>Shapefile</gco:CharacterString></name><version><gco:CharacterString/></version></MD_Format></distributionFormat><transferOptions><MD_DigitalTransferOptions><onLine><CI_OnlineResource><linkage><URL>\\hhsk.local\DFS\Project\Exoten\3. GIS_NDFF\NDFF_exoten_2022.shp</URL></linkage></CI_OnlineResource></onLine></MD_DigitalTransferOptions></transferOptions></MD_Distribution></distributionInfo></MD_Metadata><dataIdInfo><envirDesc Sync="TRUE"> Version 6.2 (Build 9200) ; Esri ArcGIS 10.6.1.9328</envirDesc><dataLang><languageCode value="nld" Sync="TRUE"></languageCode><countryCode value="NLD" Sync="TRUE"></countryCode></dataLang><idCitation><resTitle Sync="TRUE">NDFF_exoten_2022</resTitle><presForm><PresFormCd value="005" Sync="TRUE"></PresFormCd></presForm></idCitation><spatRpType><SpatRepTypCd value="001" Sync="TRUE"></SpatRepTypCd></spatRpType></dataIdInfo><mdLang><languageCode value="nld" Sync="TRUE"></languageCode><countryCode value="NLD" Sync="TRUE"></countryCode></mdLang><distInfo><distFormat><formatName Sync="TRUE">Shapefile</formatName></distFormat><distTranOps><transSize Sync="TRUE">0.000</transSize></distTranOps></distInfo><mdHrLv><ScopeCd value="005" Sync="TRUE"></ScopeCd></mdHrLv><mdHrLvName Sync="TRUE">dataset</mdHrLvName><refSysInfo><RefSystem><refSysID><identCode code="0" Sync="TRUE"></identCode></refSysID></RefSystem></refSysInfo><spatRepInfo><VectSpatRep><geometObjs Name="NDFF_exoten_2022"><geoObjTyp><GeoObjTypCd value="002" Sync="TRUE"></GeoObjTypCd></geoObjTyp><geoObjCnt Sync="TRUE">0</geoObjCnt></geometObjs><topLvl><TopoLevCd value="001" Sync="TRUE"></TopoLevCd></topLvl></VectSpatRep></spatRepInfo><spdoinfo><ptvctinf><esriterm Name="NDFF_exoten_2022"><efeatyp Sync="TRUE">Simple</efeatyp><efeageom code="4" Sync="TRUE"></efeageom><esritopo Sync="TRUE">FALSE</esritopo><efeacnt Sync="TRUE">0</efeacnt><spindex Sync="TRUE">TRUE</spindex><linrefer Sync="TRUE">FALSE</linrefer></esriterm></ptvctinf></spdoinfo><FC_FeatureCatalogue><featureType><name>NDFF_exoten_2022</name><featureAttribute><name>FID</name></featureAttribute><featureAttribute><name>Shape</name></featureAttribute><featureAttribute><name>obs_uri</name></featureAttribute><featureAttribute><name>soort_ned</name></featureAttribute><featureAttribute><name>soort_wet</name></featureAttribute><featureAttribute><name>telondrwrp</name></featureAttribute><featureAttribute><name>telmethode</name></featureAttribute><featureAttribute><name>orig_aant</name></featureAttribute><featureAttribute><name>aantal_min</name></featureAttribute><featureAttribute><name>aantal_max</name></featureAttribute><featureAttribute><name>eenheid</name></featureAttribute><featureAttribute><name>centrumx</name></featureAttribute><featureAttribute><name>centrumy</name></featureAttribute><featureAttribute><name>area_m2</name></featureAttribute><featureAttribute><name>loc_type</name></featureAttribute><featureAttribute><name>vervaagd</name></featureAttribute><featureAttribute><name>datm_start</name></featureAttribute><featureAttribute><name>datm_stop</name></featureAttribute><featureAttribute><name>datm_dkkng</name></featureAttribute><featureAttribute><name>stadium</name></featureAttribute><featureAttribute><name>geslacht</name></featureAttribute><featureAttribute><name>gedrag</name></featureAttribute><featureAttribute><name>biotoop</name></featureAttribute><featureAttribute><name>doodsoorzk</name></featureAttribute><featureAttribute><name>verblfplts</name></featureAttribute><featureAttribute><name>substraat</name></featureAttribute><featureAttribute><name>syntaxon</name></featureAttribute><featureAttribute><name>opp_dkkng</name></featureAttribute><featureAttribute><name>protocol</name></featureAttribute><featureAttribute><name>detmethode</name></featureAttribute><featureAttribute><name>databehrdr</name></featureAttribute><featureAttribute><name>dataeigenr</name></featureAttribute><featureAttribute><name>kwliteit</name></featureAttribute><featureAttribute><name>srtgroepen</name></featureAttribute><featureAttribute><name>wnb_vrl</name></featureAttribute><featureAttribute><name>wnb_hrl</name></featureAttribute><featureAttribute><name>wnb_andere</name></featureAttribute><featureAttribute><name>ffwet1</name></featureAttribute><featureAttribute><name>ffwet2</name></featureAttribute><featureAttribute><name>ffwet3</name></featureAttribute><featureAttribute><name>rodelijst</name></featureAttribute><featureAttribute><name>zoid</name></featureAttribute><featureAttribute><name>sessionid</name></featureAttribute></featureType></FC_FeatureCatalogue><eainfo><detailed Name="NDFF_exoten_2022"><enttyp><enttypl Sync="TRUE">NDFF_exoten_2022</enttypl><enttypt Sync="TRUE">Feature Class</enttypt><enttypc Sync="TRUE">0</enttypc></enttyp><attr><attrlabl Sync="TRUE">FID</attrlabl><attalias Sync="TRUE">FID</attalias><attrtype Sync="TRUE">OID</attrtype><attwidth Sync="TRUE">4</attwidth><atprecis Sync="TRUE">0</atprecis><attscale Sync="TRUE">0</attscale><attrdef Sync="TRUE">Internal feature number.</attrdef><attrdefs Sync="TRUE">Esri</attrdefs><attrdomv><udom Sync="TRUE">Sequential unique whole numbers that are automatically generated.</udom></attrdomv></attr><attr><attrlabl Sync="TRUE">Shape</attrlabl><attalias Sync="TRUE">Shape</attalias><attrtype Sync="TRUE">Geometry</attrtype><attwidth Sync="TRUE">0</attwidth><atprecis Sync="TRUE">0</atprecis><attscale Sync="TRUE">0</attscale><attrdef Sync="TRUE">Feature geometry.</attrdef><attrdefs Sync="TRUE">Esri</attrdefs><attrdomv><udom Sync="TRUE">Coordinates defining the features.</udom></attrdomv></attr><attr><attrlabl Sync="TRUE">obs_uri</attrlabl><attalias Sync="TRUE">obs_uri</attalias><attrtype Sync="TRUE">String</attrtype><attwidth Sync="TRUE">254</attwidth><atprecis Sync="TRUE">0</atprecis><attscale Sync="TRUE">0</attscale></attr><attr><attrlabl Sync="TRUE">soort_ned</attrlabl><attalias Sync="TRUE">soort_ned</attalias><attrtype Sync="TRUE">String</attrtype><attwidth Sync="TRUE">254</attwidth><atprecis Sync="TRUE">0</atprecis><attscale Sync="TRUE">0</attscale></attr><attr><attrlabl Sync="TRUE">soort_wet</attrlabl><attalias Sync="TRUE">soort_wet</attalias><attrtype Sync="TRUE">String</attrtype><attwidth Sync="TRUE">254</attwidth><atprecis Sync="TRUE">0</atprecis><attscale Sync="TRUE">0</attscale></attr><attr><attrlabl Sync="TRUE">telondrwrp</attrlabl><attalias Sync="TRUE">telondrwrp</attalias><attrtype Sync="TRUE">String</attrtype><attwidth Sync="TRUE">254</attwidth><atprecis Sync="TRUE">0</atprecis><attscale Sync="TRUE">0</attscale></attr><attr><attrlabl Sync="TRUE">telmethode</attrlabl><attalias Sync="TRUE">telmethode</attalias><attrtype Sync="TRUE">String</attrtype><attwidth Sync="TRUE">254</attwidth><atprecis Sync="TRUE">0</atprecis><attscale Sync="TRUE">0</attscale></attr><attr><attrlabl Sync="TRUE">orig_aant</attrlabl><attalias Sync="TRUE">orig_aant</attalias><attrtype Sync="TRUE">String</attrtype><attwidth Sync="TRUE">254</attwidth><atprecis Sync="TRUE">0</atprecis><attscale Sync="TRUE">0</attscale></attr><attr><attrlabl Sync="TRUE">aantal_min</attrlabl><attalias Sync="TRUE">aantal_min</attalias><attrtype Sync="TRUE">Double</attrtype><attwidth Sync="TRUE">19</attwidth><atprecis Sync="TRUE">18</atprecis><attscale Sync="TRUE">15</attscale></attr><attr><attrlabl Sync="TRUE">aantal_max</attrlabl><attalias Sync="TRUE">aantal_max</attalias><attrtype Sync="TRUE">Double</attrtype><attwidth Sync="TRUE">19</attwidth><atprecis Sync="TRUE">18</atprecis><attscale Sync="TRUE">15</attscale></attr><attr><attrlabl Sync="TRUE">eenheid</attrlabl><attalias Sync="TRUE">eenheid</attalias><attrtype Sync="TRUE">String</attrtype><attwidth Sync="TRUE">254</attwidth><atprecis Sync="TRUE">0</atprecis><attscale Sync="TRUE">0</attscale></attr><attr><attrlabl Sync="TRUE">centrumx</attrlabl><attalias Sync="TRUE">centrumx</attalias><attrtype Sync="TRUE">Double</attrtype><attwidth Sync="TRUE">19</attwidth><atprecis Sync="TRUE">18</atprecis><attscale Sync="TRUE">15</attscale></attr><attr><attrlabl Sync="TRUE">centrumy</attrlabl><attalias Sync="TRUE">centrumy</attalias><attrtype Sync="TRUE">Double</attrtype><attwidth Sync="TRUE">19</attwidth><atprecis Sync="TRUE">18</atprecis><attscale Sync="TRUE">15</attscale></attr><attr><attrlabl Sync="TRUE">area_m2</attrlabl><attalias Sync="TRUE">area_m2</attalias><attrtype Sync="TRUE">Double</attrtype><attwidth Sync="TRUE">19</attwidth><atprecis Sync="TRUE">18</atprecis><attscale Sync="TRUE">15</attscale></attr><attr><attrlabl Sync="TRUE">loc_type</attrlabl><attalias Sync="TRUE">loc_type</attalias><attrtype Sync="TRUE">String</attrtype><attwidth Sync="TRUE">254</attwidth><atprecis Sync="TRUE">0</atprecis><attscale Sync="TRUE">0</attscale></attr><attr><attrlabl Sync="TRUE">vervaagd</attrlabl><attalias Sync="TRUE">vervaagd</attalias><attrtype Sync="TRUE">String</attrtype><attwidth Sync="TRUE">254</attwidth><atprecis Sync="TRUE">0</atprecis><attscale Sync="TRUE">0</attscale></attr><attr><attrlabl Sync="TRUE">datm_start</attrlabl><attalias Sync="TRUE">datm_start</attalias><attrtype Sync="TRUE">Date</attrtype><attwidth Sync="TRUE">8</attwidth><atprecis Sync="TRUE">0</atprecis><attscale Sync="TRUE">0</attscale></attr><attr><attrlabl Sync="TRUE">datm_stop</attrlabl><attalias Sync="TRUE">datm_stop</attalias><attrtype Sync="TRUE">Date</attrtype><attwidth Sync="TRUE">8</attwidth><atprecis Sync="TRUE">0</atprecis><attscale Sync="TRUE">0</attscale></attr><attr><attrlabl Sync="TRUE">datm_dkkng</attrlabl><attalias Sync="TRUE">datm_dkkng</attalias><attrtype Sync="TRUE">Integer</attrtype><attwidth Sync="TRUE">5</attwidth><atprecis Sync="TRUE">5</atprecis><attscale Sync="TRUE">0</attscale></attr><attr><attrlabl Sync="TRUE">stadium</attrlabl><attalias Sync="TRUE">stadium</attalias><attrtype Sync="TRUE">String</attrtype><attwidth Sync="TRUE">254</attwidth><atprecis Sync="TRUE">0</atprecis><attscale Sync="TRUE">0</attscale></attr><attr><attrlabl Sync="TRUE">geslacht</attrlabl><attalias Sync="TRUE">geslacht</attalias><attrtype Sync="TRUE">String</attrtype><attwidth Sync="TRUE">254</attwidth><atprecis Sync="TRUE">0</atprecis><attscale Sync="TRUE">0</attscale></attr><attr><attrlabl Sync="TRUE">gedrag</attrlabl><attalias Sync="TRUE">gedrag</attalias><attrtype Sync="TRUE">String</attrtype><attwidth Sync="TRUE">254</attwidth><atprecis Sync="TRUE">0</atprecis><attscale Sync="TRUE">0</attscale></attr><attr><attrlabl Sync="TRUE">biotoop</attrlabl><attalias Sync="TRUE">biotoop</attalias><attrtype Sync="TRUE">String</attrtype><attwidth Sync="TRUE">254</attwidth><atprecis Sync="TRUE">0</atprecis><attscale Sync="TRUE">0</attscale></attr><attr><attrlabl Sync="TRUE">doodsoorzk</attrlabl><attalias Sync="TRUE">doodsoorzk</attalias><attrtype Sync="TRUE">String</attrtype><attwidth Sync="TRUE">254</attwidth><atprecis Sync="TRUE">0</atprecis><attscale Sync="TRUE">0</attscale></attr><attr><attrlabl Sync="TRUE">verblfplts</attrlabl><attalias Sync="TRUE">verblfplts</attalias><attrtype Sync="TRUE">String</attrtype><attwidth Sync="TRUE">254</attwidth><atprecis Sync="TRUE">0</atprecis><attscale Sync="TRUE">0</attscale></attr><attr><attrlabl Sync="TRUE">substraat</attrlabl><attalias Sync="TRUE">substraat</attalias><attrtype Sync="TRUE">String</attrtype><attwidth Sync="TRUE">254</attwidth><atprecis Sync="TRUE">0</atprecis><attscale Sync="TRUE">0</attscale></attr><attr><attrlabl Sync="TRUE">syntaxon</attrlabl><attalias Sync="TRUE">syntaxon</attalias><attrtype Sync="TRUE">String</attrtype><attwidth Sync="TRUE">254</attwidth><atprecis Sync="TRUE">0</atprecis><attscale Sync="TRUE">0</attscale></attr><attr><attrlabl Sync="TRUE">opp_dkkng</attrlabl><attalias Sync="TRUE">opp_dkkng</attalias><attrtype Sync="TRUE">Integer</attrtype><attwidth Sync="TRUE">5</attwidth><atprecis Sync="TRUE">5</atprecis><attscale Sync="TRUE">0</attscale></attr><attr><attrlabl Sync="TRUE">protocol</attrlabl><attalias Sync="TRUE">protocol</attalias><attrtype Sync="TRUE">String</attrtype><attwidth Sync="TRUE">254</attwidth><atprecis Sync="TRUE">0</atprecis><attscale Sync="TRUE">0</attscale></attr><attr><attrlabl Sync="TRUE">detmethode</attrlabl><attalias Sync="TRUE">detmethode</attalias><attrtype Sync="TRUE">String</attrtype><attwidth Sync="TRUE">254</attwidth><atprecis Sync="TRUE">0</atprecis><attscale Sync="TRUE">0</attscale></attr><attr><attrlabl Sync="TRUE">databehrdr</attrlabl><attalias Sync="TRUE">databehrdr</attalias><attrtype Sync="TRUE">String</attrtype><attwidth Sync="TRUE">254</attwidth><atprecis Sync="TRUE">0</atprecis><attscale Sync="TRUE">0</attscale></attr><attr><attrlabl Sync="TRUE">dataeigenr</attrlabl><attalias Sync="TRUE">dataeigenr</attalias><attrtype Sync="TRUE">String</attrtype><attwidth Sync="TRUE">254</attwidth><atprecis Sync="TRUE">0</atprecis><attscale Sync="TRUE">0</attscale></attr><attr><attrlabl Sync="TRUE">kwliteit</attrlabl><attalias Sync="TRUE">kwliteit</attalias><attrtype Sync="TRUE">String</attrtype><attwidth Sync="TRUE">254</attwidth><atprecis Sync="TRUE">0</atprecis><attscale Sync="TRUE">0</attscale></attr><attr><attrlabl Sync="TRUE">srtgroepen</attrlabl><attalias Sync="TRUE">srtgroepen</attalias><attrtype Sync="TRUE">String</attrtype><attwidth Sync="TRUE">254</attwidth><atprecis Sync="TRUE">0</atprecis><attscale Sync="TRUE">0</attscale></attr><attr><attrlabl Sync="TRUE">wnb_vrl</attrlabl><attalias Sync="TRUE">wnb_vrl</attalias><attrtype Sync="TRUE">String</attrtype><attwidth Sync="TRUE">254</attwidth><atprecis Sync="TRUE">0</atprecis><attscale Sync="TRUE">0</attscale></attr><attr><attrlabl Sync="TRUE">wnb_hrl</attrlabl><attalias Sync="TRUE">wnb_hrl</attalias><attrtype Sync="TRUE">String</attrtype><attwidth Sync="TRUE">254</attwidth><atprecis Sync="TRUE">0</atprecis><attscale Sync="TRUE">0</attscale></attr><attr><attrlabl Sync="TRUE">wnb_andere</attrlabl><attalias Sync="TRUE">wnb_andere</attalias><attrtype Sync="TRUE">String</attrtype><attwidth Sync="TRUE">254</attwidth><atprecis Sync="TRUE">0</atprecis><attscale Sync="TRUE">0</attscale></attr><attr><attrlabl Sync="TRUE">ffwet1</attrlabl><attalias Sync="TRUE">ffwet1</attalias><attrtype Sync="TRUE">String</attrtype><attwidth Sync="TRUE">254</attwidth><atprecis Sync="TRUE">0</atprecis><attscale Sync="TRUE">0</attscale></attr><attr><attrlabl Sync="TRUE">ffwet2</attrlabl><attalias Sync="TRUE">ffwet2</attalias><attrtype Sync="TRUE">String</attrtype><attwidth Sync="TRUE">254</attwidth><atprecis Sync="TRUE">0</atprecis><attscale Sync="TRUE">0</attscale></attr><attr><attrlabl Sync="TRUE">ffwet3</attrlabl><attalias Sync="TRUE">ffwet3</attalias><attrtype Sync="TRUE">String</attrtype><attwidth Sync="TRUE">254</attwidth><atprecis Sync="TRUE">0</atprecis><attscale Sync="TRUE">0</attscale></attr><attr><attrlabl Sync="TRUE">rodelijst</attrlabl><attalias Sync="TRUE">rodelijst</attalias><attrtype Sync="TRUE">String</attrtype><attwidth Sync="TRUE">254</attwidth><atprecis Sync="TRUE">0</atprecis><attscale Sync="TRUE">0</attscale></attr><attr><attrlabl Sync="TRUE">zoid</attrlabl><attalias Sync="TRUE">zoid</attalias><attrtype Sync="TRUE">Double</attrtype><attwidth Sync="TRUE">19</attwidth><atprecis Sync="TRUE">19</atprecis><attscale Sync="TRUE">0</attscale></attr><attr><attrlabl Sync="TRUE">sessionid</attrlabl><attalias Sync="TRUE">sessionid</attalias><attrtype Sync="TRUE">String</attrtype><attwidth Sync="TRUE">254</attwidth><atprecis Sync="TRUE">0</atprecis><attscale Sync="TRUE">0</attscale></attr></detailed></eainfo><mdDateSt Sync="TRUE">20221222</mdDateSt></metadata>
